{
  "divisions": [
    {
      "name": "রাজশাহী",
      "districts": [
        {
          "name": "রাজশাহী",
          "upazilas": [
            {
              "name": "রাজশাহী সদর",
              "thanas": [
                "গোদাগাড়ী মডেল",
                "মোহনপুর থানা",
                "বাগমারা",
                "চারঘাট মডেল",
                "পুঠিয়া",
                "দর্গাপুর",
                "বাঘা",
                "তানোর"
              ]
            }
          ]
        },
        {
          "name": "বগুড়া",
          "upazilas": [
            {
              "name": "বগুড়া সদর",
              "thanas": [
                "বগুড়া সদর",
                "কাহালু",
                "সারিয়াকান্দি",
                "শাজাহানপুর",
                "দপুচাচিঁচিয়া",
                "আদমদীঘি",
                "নন্দীগ্রাম",
                "সোনাতলা",
                "ধুনট",
                "গাবতলী",
                "শেরপুর",
                "শিবগঞ্জ"
              ]
            }
          ]
        },
        {
          "name": "জয়পুরহাট",
          "upazilas": [
            {
              "name": "জয়পুরহাট সদর",
              "thanas": [
                "জয়পুরহাট সদর উপজেলা",
                "পাঁচবিবি উপজেলা",
                "কালাই উপজেলা",
                "আক্কেলপুর উপজেলা",
                "ক্ষেতলাল উপজেলা"
              ]
            }
          ]
        },
        {
          "name": "নাটোর",
          "upazilas": [
            {
              "name": "নাটোর সদর",
              "thanas": [
                "নাটোর সদর",
                "সিংড়া",
                "বড়াইগ্রাম",
                "বাগাতিপাড়া",
                "লালপুর",
                "গুরুদাসপুর",
                "নলডাঙ্গা"
              ]
            }
          ]
        },
        {
          "name": "চাঁপাইনবাবগঞ্জ",
          "upazilas": [
            {
              "name": "চাঁপাইনবাবগঞ্জ সদর",
              "thanas": [
                "চাঁপাইনবাবগঞ্জ সদর",
                "গোমস্তাপুর",
                "নাচোল",
                "ভোলাহাট",
                "শিবগঞ্জ"
              ]
            }
          ]
        },
        {
          "name": "পাবনা",
          "upazilas": [
            {
              "name": "পাবনা সদর",
              "thanas": [
                "সুজানগর",
                "ঈশ্বরদী",
                "ভাঙ্গুড়া",
                "পাবনা সদর",
                "বেড়া",
                "আটঘরিয়া",
                "চাটমোহর",
                "সাথীথিয়া",
                "ফরিদপুর",
                "আতাইকুলা",
                "আমিনপুর"
              ]
            }
          ]
        },
       
        {
          "name": "সিরাজগঞ্জ",
          "upazilas": [
            {
              "name": "সিরাজগঞ্জ সদর",
              "thanas": [
                "সিরাজগঞ্জ সদর",
                "শাহজাদপুর",
                "উল্লাপাড়া",
                "চৌহালী",
                "তাড়াশ",
                "কাজীপুর",
                "কামারখন্দ",
                "রায়গঞ্জ",
                "বেলকুচি",
                "বঙ্গবন্ধু সেতু পশ্চিম",
                "সলংগা",
                "এনায়েতপুর"
              ]
            }
          ]
        },
        {
          "name": "নওগাঁ",
          "upazilas": [
            {
              "name": "নওগাঁ সদর",
              "thanas": [
                "নওগাঁ সদর মডেল",
                "মহাদেবপুর",
                "বদলগাছী",
                "পত্নীতলা",
                "ধামইরহাট থানা",
                "নিয়ামতপুর",
                "মান্দা",
                "আত্রাই",
                "রাণীনগর",
                "থানা, নওগাঁ",
                "পোরশা",
                "সাপাহার"
              ]
            }
          ]
        }
      ]
    },
    {
      "name": "সিলেট",
      "districts": [
        {
          "name": "সিলেট",
          "upazilas": [
            {
              "name": "সিলেট সদর",
              "thanas": [
                "সিলেট সদর",
                "বালাগঞ্জ",
                "ফেঞ্চুগঞ্জ",
                "গোলাপগঞ্জ",
                "গোয়াইনঘাট",
                "বিয়ানীবাজার",
                "কানাইঘাট",
                "জকিগঞ্জ",
                "বিশ্বনাথ",
                "কম্পানীগঞ্জ",
                "জৈন্তাপুর",
                "দক্ষিণ সুরমা",
                "ওসমানী"
              ]
            }
          ]
        },
        {
          "name": "মৌলভীবাজার",
          "upazilas": [
            {
              "name": "মৌলভীবাজার সদর",
              "thanas": [
                "মৌলভীবাজার সদর",
                "রাজনগর",
                "কুলাউড়া",
                "শ্রীমঙ্গল",
                "বড়লেখা",
                "কমলগঞ্জ",
                "জড়ুয়ী"
              ]
            }
          ]
        },
        {
          "name": "হবিগঞ্জ",
          "upazilas": [
            {
              "name": "হবিগঞ্জ সদর",
              "thanas": [
                "হবিগঞ্জ সদর মডেল থানা",
                "শায়েস্তাগঞ্জ থানা",
                "লাখাই থানা",
                "বানিয়াচং থানা",
                "আজমীরীগঞ্জ থানা",
                "মাধবপুর থানা",
                "চুনারুঘাট থানা",
                "বাহুবল মডেল থানা",
                "নবীগঞ্জ থানা"
              ]
            }
          ]
        },
        {
          "name": "সুনামগঞ্জ",
          "upazilas": [
            {
              "name": "সুনামগঞ্জ সদর",
              "thanas": [
                "সুনামগঞ্জ সদর",
                "বি সম্ভরপুর",
                "তাহিরপুর",
                "ধর্মপূরমাশা",
                "মধ্যনগর",
                "জামালগঞ্জ",
                "দিরাই",
                "শাল্লা",
                "জগন্নাথপুর",
                "ছাতক",
                "দোয়ারাবাজার",
                "শান্তিগঞ্জ"
              ]
            }
          ]
        }
      ]
    },

    {
      "name": "রংপুর",
      "districts": [
        {
          "name": "রংপুর",
          "upazilas": [
            {
              "name": "রংপুর সদর",
              "thanas": [
                "রংপুর সদর",
                "কাউনিয়া",
                "গংগাচড়া",
                "তারাগঞ্জ",
                "পীরগঞ্জ",
                "পীরগাছা",
                "বদরগঞ্জ",
                "মিঠাপুকুর"
              ]
            }
          ]
        },
        {
          "name": "কুড়িগ্রাম",
          "upazilas": [
            {
              "name": "কুড়িগ্রাম সদর",
              "thanas": [
                "কুড়িগ্রাম সদর থানা",
                "উলিপুর থানা",
                "কচাকাটা থানা",
                "চিলমারী থানা",
                "ঢুষমারা থানা",
                "নাগেশ্বরী থানা",
                "ফুলবাড়ী থানা",
                "ভূরুঙ্গামারী থানা",
                "রাজারহাট থানা",
                "রাজিবপুর থানা",
                "রৌমারী থানা"
              ]
            }
          ]
        },
        {
          "name": "দিনাজপুর",
          "upazilas": [
            {
              "name": "দিনাজপুর সদর",
              "thanas": [
                "দিনাজপুর সদর",
                "বীরগঞ্জ",
                "কাহারোল",
                "খানসামা",
                "বোচাগঞ্জ",
                "বিরল",
                "চিরিবন্দর",
                "পার্বতীপুর",
                "ফুলবাড়ী",
                "বিরামপুর",
                "নবাবগঞ্জ",
                "হাকিমপুর",
                "ঘোড়াঘাট"
              ]
            }
          ]
        },
        {
          "name": "ঠাকুরগাঁও",
          "upazilas": [
            {
              "name": "ঠাকুরগাঁও সদর",
              "thanas": [
                "ঠাকুরগাঁও সদর থানা",
                "বালিয়াডাঙ্গী থানা",
                "পীরগঞ্জ থানা",
                "রাণীশংকৈল থানা",
                "হরিপুর থানা",
                "রুহিয়া থানা"
              ]
            }
          ]
        },
        {
          "name": "নীলফামারী",
          "upazilas": [
            {
              "name": "নীলফামারী সদর",
              "thanas": [
                "নীলফামারী সদর",
                "ডোমার",
                "ডিমলা",
                "জলঢাকা",
                "কিশোরগঞ্জ",
                "সৈয়দপুর"
              ]
            }
          ]
        },
        {
          "name": "লালমনিরহাট",
          "upazilas": [
            {
              "name": "লালমনিরহাট সদর",
              "thanas": [
                "লালমনিরহাট সদর থানা",
                "হাতীবান্ধা থানা",
                "পাটগ্রাম থানা",
                "কালীগঞ্জ থানা",
                "আদিতমারী থানা"
              ]
            }
          ]
        },
        {
          "name": "গাইবান্ধা",
          "upazilas": [
            {
              "name": "গাইবান্ধা সদর",
              "thanas": [
                "গাইবান্ধা সদর",
                "সাঘাটা",
                "গোবিন্দগঞ্জ",
                "সাদুল্লাপুর",
                "পলাশবাড়ী",
                "সুন্দরগঞ্জ",
                "ফুলছড়ি"
              ]
            }
          ]
        },
        {
          "name": "পঞ্চগড়",
          "upazilas": [
            {
              "name": "পঞ্চগড় সদর",
              "thanas": [
                "পঞ্চগড় সদর",
                "বোদা",
                "আটোয়ারী",
                "দেবীগঞ্জ",
                "তেতুলিয়া"
              ]
            }
          ]
        },
        {
          "name": "চিলমারী",
          "upazilas": [
            {
              "name": "চিলমারী",
              "thanas": ["চিলমারী থানা"]
            },
            {
              "name": "বড়াইগ্রাম",
              "thanas": ["বড়াইগ্রাম থানা"]
            },
            {
              "name": "ধূপগুড়ি",
              "thanas": ["ধূপগুড়ি থানা"]
            },
            {
              "name": "ফুলগাছা",
              "thanas": ["ফুলগাছা থানা"]
            }
          ]
        }
      ]
    },

    {
      "name": "ময়মনসিংহ",
      "districts": [
        {
          "name": "ময়মনসিংহ",
          "upazilas": [
            {
              "name": "ময়মনসিংহ সদর",
              "thanas": [
                "ময়মনসিংহ সদর থানা",
                "ফুলবাড়ীয়া",
                "ত্রিশাল",
                "ভালুকুয়া",
                "হালয়ুাঘাট",
                "ঈশ্বরগঞ্জ",
                "নান্দাইল",
                "গৌরীপুর",
                "গফরগাঁও",
                "মক্তুাগাছা",
                "ধোবাউড়া",
                "ফুলপুর",
                "তারাকান্দা"
              ]
            }
          ]
        },
        {
          "name": "জামালপুর",
          "upazilas": [
            {
              "name": "জামালপুর সদর",
              "thanas": [
                "জামালপুর থানা",
                "সরিষাবাড়ী থানা",
                "ইসলামপুর থানা",
                "মেলান্দহ থানা",
                "মাদারগঞ্জ মডেল থানা",
                "দেওয়ানগঞ্জ মডেল থানা",
                "বকশীগঞ্জ থানা"
              ]
            }
          ]
        },
        {
          "name": "শেরপুর",
          "upazilas": [
            {
              "name": "শেরপুর সদর",
              "thanas": [
                "শেরপুর সদর",
                "নালিতাবাড়ী",
                "নকলা",
                "শ্রীবরদী",
                "ঝিনাইগাতী"
              ]
            }
          ]
        },
        {
          "name": "নেত্রকোনা",
          "upazilas": [
            {
              "name": "নেত্রকোনা সদর",
              "thanas": [
                "নেত্রকোণা সদর",
                "বারহাট্টা",
                "মদন",
                "মোহনগঞ্জ",
                "পূর্বধলা",
                "খালিয়াজরী",
                "কলমাকান্দা",
                "দর্গুাপর্গুর",
                "কেন্দয়",
                "আটপাড়া"
              ]
            }
          ]
        },
        {
          "name": "কিশোরগঞ্জ",
          "upazilas": [
            {
              "name": "কিশোরগঞ্জ সদর",
              "thanas": ["কিশোরগঞ্জ সদর থানা"]
            },
            {
              "name": "হোসেনপুর",
              "thanas": ["হোসেনপুর থানা"]
            },
            {
              "name": "কটিয়াদী",
              "thanas": ["কটিয়াদী থানা"]
            },
            {
              "name": "কুলিয়ারচর",
              "thanas": ["কুলিয়ারচর থানা"]
            }
          ]
        },
        {
          "name": "মধুপুর",
          "upazilas": [
            {
              "name": "মধুপুর সদর",
              "thanas": ["মধুপুর সদর থানা"]
            },
            {
              "name": "গাংনী",
              "thanas": ["গাংনী থানা"]
            },
            {
              "name": "তাহিরপুর",
              "thanas": ["তাহিরপুর থানা"]
            }
          ]
        }
      ]
    },

    {
      "name": "খুলনা",
      "districts": [
        {
          "name": "খুলনা",
          "upazilas": [
            {
              "name": "খুলনা সদর",
              "thanas": [
                "রূপসা থানা",
                "দিঘলিয়া থানা",
                "তেরখাদা থানা",
                "বটিয়াঘাটা থানা",
                "দাকোপ থানা",
                "ডুমরিুয়া থানা",
                "ফুলতলা থানা",
                "পাইকগাছা থানা",
                "কয়রা থানা"
              ]
            }
          ]
        },
        {
          "name": "বাগেরহাট",
          "upazilas": [
            {
              "name": "বাগেরহাট সদর",
              "thanas": [
                "বাগেরহাট সদর",
                "শরণখোলা",
                "রামপাল",
                "মোড়েলগঞ্জ",
                "মোল্লাহাট",
                "কচুয়া",
                "ফকিরহাট",
                "মোংলা",
                "চিতলমারী"
              ]
            }
          ]
        },
        {
          "name": "সাতক্ষীরা",
          "upazilas": [
            {
              "name": "সাতক্ষীরা সদর",
              "thanas": [
                "সাতক্ষীরা থানা",
                "কলারোয়া থানা",
                "তালা থানা",
                "পাটকেলঘাটা থানা",
                "কালিগঞ্জ থানা",
                "দেবহাটা থানা",
                "আশাশুনি থানা",
                "শ্যামনগর থানা"
              ]
            }
          ]
        },
        {
          "name": "যশোর",
          "upazilas": [
            {
              "name": "যশোর সদর",
              "thanas": [
                "যশোর সদর থানা",
                "চৌগাছা থানা",
                "অভয়নগর থানা",
                "বাঘারপাড়া থানা",
                "মণিরামপুর থানা",
                "কেশবপুর থানা",
                "ঝিকরগাছা থানা",
                "শার্শা থানা",
                "বেনাপোল পোর্ট থানা"
              ]
            }
          ]
        },
        {
          "name": "নড়াইল",
          "upazilas": [
            {
              "name": "নড়াইল সদর",
              "thanas": ["নড়াইল সদর", "লোহাগড়া", "কালিয়া", "নড়াগাতী"]
            }
          ]
        },
        {
          "name": "ঝিনাইদহ",
          "upazilas": [
            {
              "name": "ঝিনাইদহ সদর",
              "thanas": [
                "হরিনাকুন্ডুথানা",
                "কালীগঞ্জ থানা",
                "কোটচাঁদপুর থানা",
                "মহেশপুর থানা"
              ]
            }
          ]
        },
        {
          "name": "চুয়াডাঙ্গা",
          "upazilas": [
            {
              "name": "চুয়াডাঙ্গা সদর",
              "thanas": [
                "চুয়াডাঙ্গা সদর",
                "আলমডাঙ্গা",
                "দর্শনা",
                "জীবননগর",
                "দামড়ু হুদা"
              ]
            }
          ]
        },
        {
          "name": "মেহেরপুর",
          "upazilas": [
            {
              "name": "মেহেরপুর সদর",
              "thanas": ["মেহেরপুর সদর", "মজিু বনগর", "গাংনী"]
            }
          ]
        },
        {
          "name": "কুষ্টিয়া",
          "upazilas": [
            {
              "name": "কুষ্টিয়া সদর",
              "thanas": [
                "কুষ্টিয়া সদর",
                "কুমারখালী",
                "খোকসা",
                "মিরপুর",
                "ভেড়ামারা",
                "দৌলতপুর",
                "ইসলামী বিশ্ববিদ্যালয়"
              ]
            }
          ]
        },
        {
          "name": "মাগুরা",
          "upazilas": [
            {
              "name": "মাগুরা সদর",
              "thanas": ["শ্রীপুর", "শালিখা", "মহম্মদপুর"]
            }
          ]
        }
      ]
    },

    {
      "name": "ঢাকা",
      "districts": [
        {
          "name": "ঢাকা",
          "upazilas": [
            {
              "name": "ঢাকা সদর",
              "thanas": [
                "চকবাজার",
                "লালবাগ",
                "কোতোয়ালি",
                "সূত্রাপুর",
                "হাজারীবাগ",
                "রমনা",
                "মতিঝিল",
                "পল্টন",
                "ধানমণ্ডি",
                "মোহাম্মদপুর",
                "তেজগাঁও",
                "গুলশান",
                "মিরপুর",
                "আদাবর থানা",
                "বনানী থানা",
                "বংশাল থানা",
                " বিমানবন্দর থানা",
                "বাসাবো থানা",
                "বসুন্ধরা থানা (প্রস্তাবিত)",
                "কদমতলী থানা",
                "ক্যান্টনমেন্ট থানা",
                "কলাবাগান থানা",
                " গেন্ডারিয়া থানা",
                "দারুস সালাম থানা",
                "দক্ষিণ খান থানা",
                " নিউ মার্কেট থানা",
                " মুগদা থানা",
                "রামপুরা থানা",
                " রূপনগর থানা",
                " শাহবাগ থানা",
                "শাহজাহানপুর থানা",
                "শের-ই-বাংলা নগর থানা",
                "তেজগাঁও শিল্পাঞ্চল থানা",
                "উত্তরা পূর্ব থানা",
                "উত্তরা পশ্চিম থানা",
                "উত্তর খান থানা",
                " ওয়ারী থানা",
                " যাত্রাবাড়ী থানা",
                " ভাটারা থানা",
                "পল্লবী",
                "শাহ আলী",
                "তুরাগ",
                "খিলক্ষেত",
                "সবুজবাগ",
                "ঢাকা ক্যান্টনমেন্ট",
                "ডেমরা",
                "শ্যামপুর",
                "বাড্ডা",
                "কাফরুল",
                "কামরাঙ্গীর চর",
                "খিলগাঁও",
                "উত্তরা",
                "দোহার",
                "নবাবগঞ্জ",
                "কেরানীগঞ্জ থানা",
                "কেরানীগঞ্জ মডেল থানা",
                "সাভার থানা",
                "আশুলিয়া থানা",
                "ধামরাই থানা"
              ]
            }
          ]
        },
        {
          "name": "ফরিদপুর",
          "upazilas": [
            {
              "name": "ফরিদপুর সদর",
              "thanas": [
                "ফরিদপুর সদর থানা",
                "কোতোয়ালী থানা (সদর থানা)",
                "মধুখালী থানা",
                "বোয়ালমারী থানা",
                "আলফাডাংগা থানা",
                "নগরকান্দা থানা",
                "ভাঙ্গা থানা",
                "সদরপুর থানা",
                "চরভদ্রাসন থানা",
                "সালথা থানা",
                "সদর থানা",
                "বাসন থানা",
                "ক োনাবাড়ী থানা",
                "কাশি মপুর থানা",
                "গাছা থানা",
                "পূবাইল থানা",
                "টঙ্গী পূর্ব থানা",
                "টঙ্গী পশ্চিম থানা",
                "কালিয়াকৈর থানা",
                "শ্রীপুর থানা",
                "কাপাসিয়া থানা",
                "কালীগঞ্জ থানা"
              ]
            }
          ]
        },
        {
          "name": "গাজীপুর",
          "upazilas": [
            {
              "name": "গাজীপুর সদর",
              "thanas": [
                "গাজীপুর সদর থানা",
                "সদর থানা",
                "বাসন থানা",
                "কোনাবাড়ী থানা",
                "কাশিমপুর থানা",
                "গাছা থানা",
                "পূবাইল থানা",
                "টঙ্গী পূর্ব থানা",
                "টঙ্গী পশ্চিম থানা",
                "কালিয়াকৈর থানা",
                "শ্রীপুর থানা",
                "কাপাসিয়া থানা",
                "কালীগঞ্জ থানা"
              ]
            }
          ]
        },
        {
          "name": "গোপালগঞ্জ",
          "upazilas": [
            {
              "name": "গোপালগঞ্জ সদর",
              "thanas": [
                "গোপালগঞ্জ সদর থানা",
                "টুঙ্গীপাড়া থানা",
                "কোটালীপাড়া থানা",
                "কাশিয়ানী থানা",
                "মুকসুদপুর থানা"
              ]
            }
          ]
        },
        {
          "name": "কিশোরগঞ্জ",
          "upazilas": [
            {
              "name": "কিশোরগঞ্জ সদর",
              "thanas": [
                "কিশোরগঞ্জ সদর থানা",
                "হোসেনপুর থানা",
                "পাকুন্দিয়া থানা",
                "কটিয়াদী থানা",
                "করিমগঞ্জ থানা",
                "তাড়াইল থানা",
                "ইটনা থানা",
                "মিঠামইন থানা",
                "অষ্টগ্রাম থানা",
                "নিকলী থানা",
                "বাজিতপুর থানা",
                "কুলিয়ারচর থানা",
                "ভৈরব থানা"
              ]
            }
          ]
        },
        {
          "name": "মাদারীপুর",
          "upazilas": [
            {
              "name": "মাদারীপুর সদর",
              "thanas": [
                "মাদারীপুর সদর থানা",
                "কালকিনি থানা",
                "রাজৈর থানা",
                "শিবচর থানা",
                "ডাসার থানা"
              ]
            }
          ]
        },
        {
          "name": "মানিকগঞ্জ",
          "upazilas": [
            {
              "name": "মানিকগঞ্জ সদর",
              "thanas": [
                "মানিকগঞ্জ সদর থানা",
                "শিবালয় থানা",
                "ঘিওর থানা",
                "দৌলতপুর থানা",
                "সাটুরিয়া থানা",
                "সিংগাইর থানা",
                "হরিরামপুর থানা"
              ]
            }
          ]
        },
        {
          "name": "মুন্সীগঞ্জ",
          "upazilas": [
            {
              "name": "মুন্সীগঞ্জ সদর",
              "thanas": [
                "মুন্সীগঞ্জ সদর থানা",
                "শ্রীনগর থানা",
                "গজারিয়া থানা",
                "টঙ্গীবাড়ি থানা",
                "সিরাজদিখান থানা",
                "লোহজং থানা"
              ]
            }
          ]
        },
        {
          "name": "নারায়ণগঞ্জ",
          "upazilas": [
            {
              "name": "নারায়ণগঞ্জ সদর",
              "thanas": [
                "নারায়ণগঞ্জ সদর",
                "ফতুল্লা থানা",
                "সিদ্ধিরগঞ্জ থানা",
                "বন্দর থানা",
                "আড়াইহাজার থানা",
                "রূপগঞ্জ থানা",
                "সোনারগাঁও থানা"
              ]
            }
          ]
        },
        {
          "name": "নরসিংদী",
          "upazilas": [
            {
              "name": "নরসিংদী সদর",
              "thanas": [
                "নরসিংদী মডেল থানা",
                "পলাশ থানা",
                "মাধবদী থানা",
                "শিবপুর মডেল থানা",
                "মনোহরদী থানা",
                "রায়পুরা থানা",
                "বেলাব থানা"
              ]
            }
          ]
        },
        {
          "name": "রাজবাড়ী",
          "upazilas": [
            {
              "name": "রাজবাড়ী সদর",
              "thanas": [
                "রাজবাড়ী সদর থানা",
                "গোয়ালন্দঘাট থানা",
                "বালিয়াকান্দি থানা",
                "পাংশা মডেল থানা",
                "কালুখালী থানা"
              ]
            }
          ]
        },
        {
          "name": "শরীয়তপুর",
          "upazilas": [
            {
              "name": "শরীয়তপুর সদর",
              "thanas": [
                "জাজির ক্যান্টনমেন্ট থানা",
                "জাজিরা থানা",
                "নড়িয়া থানা",
                "সখীপুর থানা",
                "পালংবাড়ি সদর থানা",
                "ডামুড্যা থানা",
                "ভেদরগঞ্জ থানা",
                "গোসাইরহাট থানা"
              ]
            }
          ]
        },
        {
          "name": "টাঙ্গাইল",
          "upazilas": [
            {
              "name": "টাঙ্গাইল সদর",
              "thanas": [
                "টাঙ্গাইল সদর থানা",
                "নাগরপুর থানা",
                "দেলদুয়ার থানা",
                "মির্জাপুর থানা",
                "বাসাইল থানা",
                "সখীপুর থানা",
                "কালিহাতী থানা",
                "ঘাটাইল থানা",
                "ভূঞাপুর থানা",
                "ধনবাড়ী থানা",
                "মধুপুর থানা",
                "গোপালপুর থানা",
                "বঙ্গবন্ধু সেতু পূর্ব থানা"
              ]
            }
          ]
        }
      ]
    },

    {
      "name": "চট্টগ্রাম",
      "districts": [
        {
          "name": "চট্টগ্রাম",
          "upazilas": [
            {
              "name": "চট্টগ্রাম সদর",
              "thanas": [
                "মীরসরাই থানা",
                "সীতাকুন্ড থানা",
                "সন্দ্বীপ থানা",
                "রাউজান থানা",
                "রাঙ্গনিু য়া থানা",
                "ফটিকছড়ি থানা",
                "ভুজপুর থানা",
                "হাটহাজারী থানা",
                "পটিয়া থানা",
                "আনোয়ারা থানা",
                "চন্দনাইশ থানা",
                "বোয়ালখালী থানা",
                "বাঁশখালী থানা",
                "লোহাগাড়া থানা",
                "সাতকানিয়া থানা",
                "জোরারগঞ্জ থানা",
                "বাকলিয়া থানা",
                "বায়েজিদ থানা",
                "পাহাড়তলী থানা",
                "পাঁচলাইশ থানা",
                "পতেঙ্গা থানা",
                "চান্দগাঁও থানা",
                "বন্দর থানা",
                "ডবলমরিু ং থানা",
                "হালিশহর থানা",
                "কর্ণফর্ণুলী থানা",
                "খুলশী থানা",
                "কোতোয়ালি থানা",
                "আকবরশাহ থানা",
                "চকবাজার থানা",
                "সদরঘাট থানা",
                "ইপিজেড থানা"
              ]
            }
          ]
        },
        {
          "name": "কক্সবাজার",
          "upazilas": [
            {
              "name": "কক্সবাজার সদর",
              "thanas": [
                "কক্সবাজার সদর",
                "চকরিয়া",
                "কুতুবদিয়া",
                "উখিয়া",
                "মহেশখালী",
                "পেকুয়া",
                "রামু",
                "টেকনাফ",
                "ঈদগা"
              ]
            }
          ]
        },
        {
          "name": "বান্দরবান",
          "upazilas": [
            {
              "name": "বান্দরবান সদর",
              "thanas": [
                "বান্দরবান সদর",
                "রোয়াংছড়ি",
                "নাইক্ষ্যংছড়ি",
                "লামা",
                "রুমা",
                "আলীকদম",
                "থানচি থানা"
              ]
            }
          ]
        },
        {
          "name": "রাঙ্গামাটি",
          "upazilas": [
            {
              "name": "রাঙ্গামাটি সদর",
              "thanas": [
                "সদর থানা",
                "কাউখালী থানা",
                "নানিয়ারচর থানা",
                "কাপ্তাই থানা",
                "চন্দ্রঘোনা থানা",
                "রাজস্থলী থানা",
                "বিলাইছড়ি থানা",
                "লংগদু থানা",
                "বরকল থানা",
                "জরাছুড়ি থানা",
                "বাঘাইছড়ি থানা",
                "সাজেক থানা"
              ]
            }
          ]
        },
        {
          "name": "খাগড়াছড়ি",
          "upazilas": [
            {
              "name": "খাগড়াছড়ি সদর",
              "thanas": [
                "খাগড়াছড়ি সদর",
                "দীঘিনালা",
                "পানছড়ি",
                "মাটিরাঙ্গা",
                "গুইমারা",
                "মানিকছড়ি",
                "মহালছড়ি",
                "লক্ষীছড়ি",
                "রামগড়"
              ]
            }
          ]
        },
        {
          "name": "ফেনী",
          "upazilas": [
            {
              "name": "ফেনী সদর",
              "thanas": [
                "ফেনী সদর থানা",
                "সোনাগাজী থানা",
                "দাগনভূইয়া থানা",
                "পরশুরাম মডেল থানা",
                "ছাগলনাইয়া থানা",
                "ফুলগাজী থানা"
              ]
            }
          ]
        },
        {
          "name": "নোয়াখালী",
          "upazilas": [
            {
              "name": "নোয়াখালী সদর",
              "thanas": [
                "সুধারাম মডেল থানা",
                "বেগমগঞ্জ থানা",
                "কোম্পানীগঞ্জ থানা",
                "কবিরহাট থানা",
                "চরজব্বার থানা",
                "হাতিয়া থানা",
                "চাটখিল থানা",
                "সেনবাগ থানা",
                "সোনাইমড়ী থানা",
                "ভাসানচর থানা"
              ]
            }
          ]
        },
        {
          "name": "লক্ষ্মীপুর",
          "upazilas": [
            {
              "name": "লক্ষ্মীপুর সদর",
              "thanas": [
                "লক্ষ্মীপুর সদর",
                "রায়পুর",
                "রামগতি",
                "রামগঞ্জ",
                "চন্দ্রগঞ্জ",
                "কমলনগর"
              ]
            }
          ]
        },
        {
          "name": "চাঁদপুর",
          "upazilas": [
            {
              "name": "চাঁদপুর সদর",
              "thanas": [
                "সদর মডেল থানা",
                "হাইমচর থানা",
                "ফরিদগঞ্জ থানা",
                "হাজীগঞ্জ থানা",
                "মতলব উত্তর থানা",
                "মতলব দক্ষিন থানা",
                "কচুয়া থানা",
                "শাহরাস্তি থানা"
              ]
            }
          ]
        },
        {
          "name": "ব্রাহ্মণবাড়িয়া",
          "upazilas": [
            {
              "name": "ব্রাহ্মণবাড়িয়া সদর",
              "thanas": [
                "ব্রাহ্মণবাড়িয়া সদর মডেল থানা",
                "আশুগঞ্জ থানা",
                "সরাইল থানা",
                "নাসিরনগর থানা",
                "নবীনগর থানা",
                "বাঞ্ছারামপুর থানা",
                "আখাউড়া থানা",
                "বিজয়নগর থানা"
              ]
            }
          ]
        },
        {
          "name": "কুমিল্লা",
          "upazilas": [
            {
              "name": "কুমিল্লা সদর",
              "thanas": [
                "কুমিল্লা সদর",
                "সদর দক্ষিণ",
                "ব্রাহ্মণপাড়া",
                "চান্দিনা",
                "চৌদ্দগ্রাম",
                "তিতাস",
                "দাউদকান্দি",
                "দেবিদ্বার",
                "নাঙ্গলকোট",
                "বরুড়া",
                "বড়িু চং",
                "মনোহরগঞ্জ",
                "বাঙ্গরাবাজার",
                "মরাদনগর",
                "মেঘনা",
                "লাকসাম",
                "লালমাই",
                "হোমনা"
              ]
            }
          ]
        }
      ]
    },

    {
       
        "name": "বরিশাল",
        "districts": [
          {
            "name": "বরিশাল",
            "upazilas": [
              {
                "name": "বরিশাল সদর",
                "thanas": [
                  "বরিশাল সদর",
                  "বাকেরগঞ্জ",
                  "গৌরনদী",
                  "আগৈলঝাড়া",
                  "বানারীপাড়া",
                  "মলাদী ু",
                  "মেহেন্দিগঞ্জ",
                  "বাবগঞ্জু",
                  "উজিরপুর",
                  "হিজলা"
                ]
              }
            ]
          },
          {
            "name": "বরগুনা",
            "upazilas": [
              {
                "name": "বরগুনা সদর",
                "thanas": [
                  "বরগুনা সদর",
                  "বেতাগী",
                  "বামনা",
                  "আমতলী",
                  "পাথরঘাটা",
                  "তালতলী"
                ]
              }
            ]
          },
          {
            "name": "ভোলা",
            "upazilas": [
              {
                "name": "ভোলা সদর",
                "thanas": [
                  "ভোলা সদর",
                  "দৌলতখান",
                  "লালমোহন",
                  "বোরহানউদ্দিন",
                  "তজমুদ্দিন",
                  "মনপুরা",
                  "শশীভূষণ",
                  "চরফ্যাসন",
                  "দলারহাট",
                  "দক্ষিন আইচা"
                ]
              }
            ]
          },
          {
            "name": "ঝালকাঠি",
            "upazilas": [
              {
                "name": "ঝালকাঠি সদর",
                "thanas": ["ঝালকাঠি সদর", "নলছিটি", "কাঠালিয়া", "রাজাপুর"]
              }
            ]
          },
          {
            "name": "পটুয়াখালী",
            "upazilas": [
              {
                "name": "পটুয়াখালী সদর",
                "thanas": [
                  "পটুয়াখালী সদর",
                  "দমুকি",
                  "দশমিনা",
                  "বাউফল",
                  "মির্জাগঞ্জ",
                  "গলাচিপা",
                  "কলাপাড়া",
                  "রাঙ্গাবালী"
                ]
              }
            ]
          },
          {
            "name": "পিরোজপুর",
            "upazilas": [
              {
                "name": "পিরোজপুর সদর",
                "thanas": [
                  "পিরোজপুর সদর",
                  "কাউখালী",
                  "ভান্ডারিয়া",
                  "মঠবাড়ীয়া",
                  "নেছারাবাদ",
                  "নাজিরপুর",
                  "ইন্দরকান"
                ]
              }
            ]
          }
        ]
      }
    
  ]
}
