{
  "categories": [
    {
      "id": 1,
      "name": "মোবাইল Mobile",
      "icon": "📱",
      "subcategories": [
        "মোবাইল-ফোন Mobile Phone",
        "মোবাইলফোন-অ্যাক্সেসরিজ Mobile Phone Accessories",
        "সিমকার্ড SIM Card",
        "ওয়্যারেবলস Wearables",
        "মোবাইলফোন-সার্ভিস Mobile Phone Service"
      ]
    },
    {
      "id": 2,
      "name": "ইলেকট্রনিক্স Electronics",
      "icon": "💻",
      "subcategories": [
        "ডেস্কটপ-কম্পিউটার Desktop Computer",
        "ল্যাপটপ Laptop",
        "ল্যাপটপ-কম্পিউটার-অ্যাক্সেসরিজ Laptop & Computer Accessories",
        "ট্যাবলেট-অ্যাক্সেসরিজ Tablet & Accessories",
        "টিভি TV",
        "টিভি-ভিডিও-অ্যাক্সেসরিজ TV & Video Accessories",
        "হোম,অ্যাপ্লায়েন্স Home Appliances",
        "ক্যামেরা-ক্যামেরাড্রোন-অ্যাক্সেসরিজ Camera, Camera Drone & Accessories",
        "এসি-হোম-ইলেকট্রনিক্স AC & Home Electronics",
        "অডিও-সাউন্ড-সিস্টেম Audio & Sound System",
        "ভিডি-গেম-কনসোল-অ্যাক্সেসরিজ Video Game Console & Accessories",
        "ফটোকপিয়ার Photocopier",
        "অন্যান্য-ইলেকট্রনিক্স Other Electronics"
      ]
    },
    {
      "id": 3,
      "name": "যানবাহন Vehicles",
      "icon": "🚗",
      "subcategories": [
        "মোটরসাইকেল Motorcycle",
        "মোটরসাইকেল-পার্টস Motorcycle Parts",
        "গাড়ি Car",
        "গাড়ির-যন্ত্রাংশ Car Parts",
        "সাইকেল-পার্টস Bicycle & Parts",
        "ট্রাক-পিকআপ-যন্ত্রাংশ Truck, Pickup & Parts",
        "জাহাজ-নৌকা-যন্ত্রাংশ Ship, Boat & Parts",
        "অন্যান্য-যানবাহন Other Vehicles"
      ]
    },
    {
      "id": 4,
      "name": "ভাড়া-সার্ভিস Rental Service",
      "icon": "🏭",
      "subcategories": [
        "বাসাভাড়া House Rent",
        "দোকানভাড়া Shop Rent",
        "গাড়িভাড়া Car Rent",
        "অন্যান্য-ব্যবসায়িক-পণ্য Other Business Products"
      ]
    },
    {
      "id": 5,
      "name": "প্রপার্টি Property",
      "icon": "🏠",
      "subcategories": [
        "ফ্ল্যাট Flat",
        "বাড়ি House",
        "জমি Land",
        "দোকানঅফিস Shop & Office",
        "অন্যান্য-প্রপার্টি Other Property"
      ]
    },
    {
      "id": 6,
      "name": "হোম-ডেকোর Home Decor",
      "icon": "🛋️",
      "subcategories": [
        "ফার্নিচার Furniture",
        "ঘরের,সাজসজ্জা Home Decoration",
        "কিচেন,ডাইনিং Kitchen & Dining",
        "বাথরুম,এক্সেসরিজ Bathroom Accessories",
        "বাড়ির,সরঞ্জাম Home Equipment",
        "অন্যান্য,হোম,আইটেম Other Home Items"
      ]
    },
    {
      "id": 7,
      "name": "ছেলেদের-ফ্যাশন Men's Fashion",
      "icon": "👔",
      "subcategories": [
        "ছেলেদের-পোশাক Men's Clothing",
        "জুতো Shoes",
        "ঘড়ি Watches",
        "সানগ্লাস Sunglasses",
        "পুরুষদের-গ্রুমিং Men's Grooming"
      ]
    },
    {
      "id": 8,
      "name": "মেয়েদের-ফ্যাশন Women's Fashion",
      "icon": "👗",
      "subcategories": [
        "মেয়েদের-পোশাক Women's Clothing",
        "জুতো Shoes",
        "জুয়েলারি Jewelry",
        "মেকআপ Makeup",
        "সৌন্দর্য-স্কিনকেয়ার Beauty & Skincare"
      ]
    },
    {
      "id": 9,
      "name": "পোষাপ্রাণী Pets",
      "icon": "🐾",
      "subcategories": [
        "পোষাপ্রাণী Pet Animals",
        "পোষাপ্রাণীর-খাবার Pet Food",
        "পোষাপ্রাণীর-সরঞ্জাম Pet Accessories",
        "জীবজন্তু-পাখি Livestock & Birds"
      ]
    },
    {
      "id": 10,
      "name": "শখ-খেলাধুলা Hobby & Sports",
      "icon": "⚽",
      "subcategories": [
        "খেলনা Toys",
        "খেলাধুলার-সরঞ্জাম Sports Equipment",
        "সাইকেল Bicycle",
        "বই Books",
        "অন্যান্য-শখেরপণ্য Other Hobby Items"
      ]
    },
    {
      "id": 11,
      "name": "শিক্ষা Education",
      "icon": "🎓",
      "subcategories": [
        "বই Books",
        "টিউশনি Tuition",
        "অনলাইন-কোর্স Online Courses",
        "স্কুল-সরঞ্জাম School Supplies"
      ]
    },
    {
      "id": 12,
      "name": "নিত্য-প্রয়োজনীয়-সামগ্রী Daily Essentials",
      "icon": "🛒",
      "subcategories": [
        "কাঁচামাল Raw Materials",
        "মুদিখানা Grocery",
        "খাবারদাবার Food",
        "ঘরপরিষ্কার-সামগ্রী Household Cleaning Supplies"
      ]
    },
    {
      "id": 13,
      "name": "সার্ভিস Services",
      "icon": "🛠️",
      "subcategories": [
        "কুরিয়ারসার্ভিস Courier Service",
        "ইভেন্টম্যানেজমেন্ট Event Management",
        "হোমসার্ভিস Home Services",
        "আইটিসার্ভিস IT Services",
        "অন্যান্যসার্ভিস Other Services"
      ]
    },
    {
      "id": 14,
      "name": "কৃষিপণ্য Agricultural Products",
      "icon": "🌾",
      "subcategories": [
        "ফল-শাকসবজি Fruits & Vegetables",
        "কৃষিযন্ত্রপাতি Agricultural Machinery",
        "বীজ-সার Seeds & Fertilizers",
        "অন্যান্য-কৃষিপণ্য Other Agricultural Products"
      ]
    },
    {
      "id": 15,
      "name": "অন্যান্য Others",
      "icon": "📂",
      "subcategories": [
        "সব Everything"
      ]
    }
  ]
}
